filename,file_size,file_attributes,region_count,region_id,region_shape_attributes,region_attributes
frame_10.0.jpg,70421,"{}",4,0,"{""name"":""rect"",""x"":187,""y"":258,""width"":61,""height"":43}","{""class_name"":""/m/01g317""}"
frame_10.0.jpg,70421,"{}",4,1,"{""name"":""rect"",""x"":227,""y"":186,""width"":285,""height"":120}","{""class_name"":""/m/03jm5""}"
frame_10.0.jpg,70421,"{}",4,2,"{""name"":""rect"",""x"":2,""y"":155,""width"":182,""height"":205}","{""class_name"":""/m/07j7r""}"
frame_10.0.jpg,70421,"{}",4,3,"{""name"":""rect"",""x"":11,""y"":296,""width"":500,""height"":62}","{""class_name"":""/m/07j7r""}"
frame_20.0.jpg,38593,"{}",4,0,"{""name"":""rect"",""x"":311,""y"":206,""width"":158,""height"":152}","{""class_name"":""/m/01g317""}"
frame_20.0.jpg,38593,"{}",4,1,"{""name"":""polyline"",""all_points_x"":[2,243,244,3,3],""all_points_y"":[150,189,330,327,151]}","{""class_name"":""/m/0d4v4""}"
frame_20.0.jpg,38593,"{}",4,2,"{""name"":""rect"",""x"":2,""y"":257,""width"":249,""height"":71}","{""class_name"":""/m/07j7r""}"
frame_20.0.jpg,38593,"{}",4,3,"{""name"":""rect"",""x"":79,""y"":182,""width"":160,""height"":103}","{""class_name"":""/m/03jm5""}"
frame_30.0.jpg,39843,"{}",3,0,"{""name"":""rect"",""x"":18,""y"":159,""width"":241,""height"":174}","{""class_name"":""/m/01g317""}"
frame_30.0.jpg,39843,"{}",3,1,"{""name"":""rect"",""x"":273,""y"":203,""width"":146,""height"":85}","{""class_name"":""/m/01s55n""}"
frame_30.0.jpg,39843,"{}",3,2,"{""name"":""rect"",""x"":246,""y"":288,""width"":121,""height"":67}","{""class_name"":""/m/06z37_""}"
frame_40.0.jpg,58492,"{}",7,0,"{""name"":""rect"",""x"":1,""y"":151,""width"":64,""height"":164}","{""class_name"":""/m/03fp41""}"
frame_40.0.jpg,58492,"{}",7,1,"{""name"":""rect"",""x"":183,""y"":169,""width"":62,""height"":162}","{""class_name"":""/m/03fp41""}"
frame_40.0.jpg,58492,"{}",7,2,"{""name"":""rect"",""x"":76,""y"":269,""width"":73,""height"":75}","{""class_name"":""/m/03fp41""}"
frame_40.0.jpg,58492,"{}",7,3,"{""name"":""rect"",""x"":91,""y"":147,""width"":77,""height"":27}","{""class_name"":""/m/03fp41""}"
frame_40.0.jpg,58492,"{}",7,4,"{""name"":""rect"",""x"":429,""y"":157,""width"":71,""height"":201}","{""class_name"":""/m/01mzpv""}"
frame_40.0.jpg,58492,"{}",7,5,"{""name"":""rect"",""x"":289,""y"":155,""width"":171,""height"":200}","{""class_name"":""/m/01g317""}"
frame_40.0.jpg,58492,"{}",7,6,"{""name"":""rect"",""x"":233,""y"":149,""width"":105,""height"":174}","{""class_name"":""/m/031b6r""}"
frame_50.0.jpg,33787,"{}",4,0,"{""name"":""rect"",""x"":42,""y"":193,""width"":69,""height"":88}","{""class_name"":""/m/06z37_""}"
frame_50.0.jpg,33787,"{}",4,1,"{""name"":""rect"",""x"":71,""y"":282,""width"":93,""height"":79}","{""class_name"":""/m/03fp41""}"
frame_50.0.jpg,33787,"{}",4,2,"{""name"":""rect"",""x"":390,""y"":198,""width"":65,""height"":150}","{""class_name"":""/m/01g317""}"
frame_50.0.jpg,33787,"{}",4,3,"{""name"":""rect"",""x"":350,""y"":184,""width"":33,""height"":96}","{""class_name"":""/m/03fp41""}"
frame_60.0.jpg,49064,"{}",3,0,"{""name"":""rect"",""x"":367,""y"":156,""width"":139,""height"":194}","{""class_name"":""/m/02x984l""}"
frame_60.0.jpg,49064,"{}",3,1,"{""name"":""rect"",""x"":0,""y"":155,""width"":73,""height"":203}","{""class_name"":""/m/01g317""}"
frame_60.0.jpg,49064,"{}",3,2,"{""name"":""rect"",""x"":50,""y"":155,""width"":206,""height"":201}","{""class_name"":""/m/03_wxk""}"
frame_70.0.jpg,52333,"{}",3,0,"{""name"":""rect"",""x"":4,""y"":152,""width"":131,""height"":211}","{""class_name"":""/m/01g317""}"
frame_70.0.jpg,52333,"{}",3,1,"{""name"":""rect"",""x"":162,""y"":201,""width"":94,""height"":153}","{""class_name"":""/m/01g317""}"
frame_70.0.jpg,52333,"{}",3,2,"{""name"":""rect"",""x"":287,""y"":150,""width"":205,""height"":204}","{""class_name"":""/m/01g317""}"
frame_80.0.jpg,51341,"{}",5,0,"{""name"":""rect"",""x"":3,""y"":146,""width"":232,""height"":210}","{""class_name"":""/m/01g317""}"
frame_80.0.jpg,51341,"{}",5,1,"{""name"":""rect"",""x"":234,""y"":276,""width"":127,""height"":85}","{""class_name"":""/m/0fszt""}"
frame_80.0.jpg,51341,"{}",5,2,"{""name"":""rect"",""x"":305,""y"":145,""width"":119,""height"":208}","{""class_name"":""/m/01g317""}"
frame_80.0.jpg,51341,"{}",5,3,"{""name"":""rect"",""x"":436,""y"":182,""width"":73,""height"":176}","{""class_name"":""/m/01g317""}"
frame_80.0.jpg,51341,"{}",5,4,"{""name"":""rect"",""x"":180,""y"":215,""width"":76,""height"":97}","{""class_name"":""/m/0gjbg72""}"
frame_90.0.jpg,61198,"{}",4,0,"{""name"":""rect"",""x"":8,""y"":160,""width"":316,""height"":126}","{""class_name"":""/m/01g317""}"
frame_90.0.jpg,61198,"{}",4,1,"{""name"":""rect"",""x"":187,""y"":252,""width"":116,""height"":78}","{""class_name"":""/m/0fszt""}"
frame_90.0.jpg,61198,"{}",4,2,"{""name"":""rect"",""x"":262,""y"":150,""width"":105,""height"":84}","{""class_name"":""/m/06z37_""}"
frame_90.0.jpg,61198,"{}",4,3,"{""name"":""rect"",""x"":125,""y"":305,""width"":383,""height"":57}","{""class_name"":""/m/0h8n5zk""}"
frame_100.0.jpg,67283,"{}",4,0,"{""name"":""rect"",""x"":162,""y"":159,""width"":214,""height"":123}","{""class_name"":""/m/03jm5""}"
frame_100.0.jpg,67283,"{}",4,1,"{""name"":""rect"",""x"":405,""y"":162,""width"":103,""height"":106}","{""class_name"":""/m/06z37_""}"
frame_100.0.jpg,67283,"{}",4,2,"{""name"":""rect"",""x"":8,""y"":171,""width"":145,""height"":184}","{""class_name"":""/m/07j7r""}"
frame_100.0.jpg,67283,"{}",4,3,"{""name"":""rect"",""x"":9,""y"":282,""width"":493,""height"":82}","{""class_name"":""/m/07j7r""}"
frame_110.0.jpg,50756,"{}",7,0,"{""name"":""rect"",""x"":247,""y"":186,""width"":121,""height"":144}","{""class_name"":""/m/01g317""}"
frame_110.0.jpg,50756,"{}",7,1,"{""name"":""rect"",""x"":351,""y"":269,""width"":104,""height"":96}","{""class_name"":""/m/0fqfqc""}"
frame_110.0.jpg,50756,"{}",7,2,"{""name"":""rect"",""x"":303,""y"":210,""width"":60,""height"":61}","{""class_name"":""/m/0bt_c3""}"
frame_110.0.jpg,50756,"{}",7,3,"{""name"":""rect"",""x"":16,""y"":229,""width"":66,""height"":110}","{""class_name"":""/m/0bt_c3""}"
frame_110.0.jpg,50756,"{}",7,4,"{""name"":""rect"",""x"":400,""y"":225,""width"":107,""height"":66}","{""class_name"":""/m/0138tl""}"
frame_110.0.jpg,50756,"{}",7,5,"{""name"":""rect"",""x"":235,""y"":150,""width"":124,""height"":44}","{""class_name"":""/m/06z37_""}"
frame_110.0.jpg,50756,"{}",7,6,"{""name"":""rect"",""x"":3,""y"":150,""width"":49,""height"":117}","{""class_name"":""/m/031b6r""}"
frame_120.0.jpg,53308,"{}",5,0,"{""name"":""rect"",""x"":6,""y"":148,""width"":65,""height"":176}","{""class_name"":""/m/0dtln""}"
frame_120.0.jpg,53308,"{}",5,1,"{""name"":""rect"",""x"":162,""y"":172,""width"":293,""height"":138}","{""class_name"":""/m/01g317""}"
frame_120.0.jpg,53308,"{}",5,2,"{""name"":""rect"",""x"":251,""y"":155,""width"":66,""height"":89}","{""class_name"":""/m/03jm5""}"
frame_120.0.jpg,53308,"{}",5,3,"{""name"":""rect"",""x"":276,""y"":311,""width"":201,""height"":54}","{""class_name"":""/m/0bt_c3""}"
frame_120.0.jpg,53308,"{}",5,4,"{""name"":""rect"",""x"":11,""y"":302,""width"":490,""height"":71}","{""class_name"":""/m/0h8n5zk""}"
frame_130.0.jpg,52216,"{}",3,0,"{""name"":""rect"",""x"":160,""y"":327,""width"":340,""height"":37}","{""class_name"":""/m/0h8n5zk""}"
frame_130.0.jpg,52216,"{}",3,1,"{""name"":""rect"",""x"":426,""y"":167,""width"":84,""height"":188}","{""class_name"":""/m/0dtln""}"
frame_130.0.jpg,52216,"{}",3,2,"{""name"":""rect"",""x"":5,""y"":139,""width"":82,""height"":223}","{""class_name"":""/m/02dgv""}"
frame_140.0.jpg,34305,"{}",3,0,"{""name"":""rect"",""x"":214,""y"":224,""width"":186,""height"":135}","{""class_name"":""/m/04169hn""}"
frame_140.0.jpg,34305,"{}",3,1,"{""name"":""rect"",""x"":36,""y"":171,""width"":181,""height"":188}","{""class_name"":""/m/03jm5""}"
frame_140.0.jpg,34305,"{}",3,2,"{""name"":""rect"",""x"":260,""y"":149,""width"":104,""height"":49}","{""class_name"":""/m/06z37_""}"
frame_150.0.jpg,49149,"{}",2,0,"{""name"":""rect"",""x"":40,""y"":154,""width"":175,""height"":94}","{""class_name"":""/m/03jm5""}"
frame_150.0.jpg,49149,"{}",2,1,"{""name"":""rect"",""x"":167,""y"":155,""width"":193,""height"":200}","{""class_name"":""/m/01g317""}"
frame_160.0.jpg,47590,"{}",6,0,"{""name"":""rect"",""x"":18,""y"":155,""width"":142,""height"":210}","{""class_name"":""/m/031b6r""}"
frame_160.0.jpg,47590,"{}",6,1,"{""name"":""rect"",""x"":213,""y"":148,""width"":110,""height"":200}","{""class_name"":""/m/031b6r""}"
frame_160.0.jpg,47590,"{}",6,2,"{""name"":""rect"",""x"":282,""y"":252,""width"":147,""height"":105}","{""class_name"":""/m/0h8n5zk""}"
frame_160.0.jpg,47590,"{}",6,3,"{""name"":""rect"",""x"":414,""y"":135,""width"":67,""height"":213}","{""class_name"":""/m/031b6r""}"
frame_160.0.jpg,47590,"{}",6,4,"{""name"":""rect"",""x"":125,""y"":187,""width"":64,""height"":154}","{""class_name"":""/m/01g317""}"
frame_160.0.jpg,47590,"{}",6,5,"{""name"":""rect"",""x"":215,""y"":181,""width"":55,""height"":147}","{""class_name"":""/m/01g317""}"
frame_170.0.jpg,37134,"{}",4,0,"{""name"":""rect"",""x"":241,""y"":199,""width"":107,""height"":138}","{""class_name"":""/m/01g317""}"
frame_170.0.jpg,37134,"{}",4,1,"{""name"":""rect"",""x"":431,""y"":151,""width"":67,""height"":124}","{""class_name"":""/m/03fp41""}"
frame_170.0.jpg,37134,"{}",4,2,"{""name"":""rect"",""x"":444,""y"":228,""width"":37,""height"":37}","{""class_name"":""/m/02s195""}"
frame_170.0.jpg,37134,"{}",4,3,"{""name"":""rect"",""x"":370,""y"":200,""width"":52,""height"":138}","{""class_name"":""/m/0dtln""}"
frame_180.0.jpg,44894,"{}",6,0,"{""name"":""rect"",""x"":202,""y"":197,""width"":136,""height"":91}","{""class_name"":""/m/0d4v4""}"
frame_180.0.jpg,44894,"{}",6,1,"{""name"":""rect"",""x"":416,""y"":201,""width"":89,""height"":58}","{""class_name"":""/m/01g317""}"
frame_180.0.jpg,44894,"{}",6,2,"{""name"":""rect"",""x"":71,""y"":200,""width"":42,""height"":111}","{""class_name"":""/m/01g317""}"
frame_180.0.jpg,44894,"{}",6,3,"{""name"":""rect"",""x"":346,""y"":233,""width"":55,""height"":50}","{""class_name"":""/m/07c52 ""}"
frame_180.0.jpg,44894,"{}",6,4,"{""name"":""rect"",""x"":232,""y"":210,""width"":90,""height"":62}","{""class_name"":""/m/03jm5""}"
frame_180.0.jpg,44894,"{}",6,5,"{""name"":""rect"",""x"":179,""y"":317,""width"":178,""height"":45}","{""class_name"":""/m/0138tl""}"
frame_190.0.jpg,40379,"{}",6,0,"{""name"":""rect"",""x"":22,""y"":151,""width"":67,""height"":192}","{""class_name"":""/m/031b6r""}"
frame_190.0.jpg,40379,"{}",6,1,"{""name"":""rect"",""x"":71,""y"":195,""width"":56,""height"":95}","{""class_name"":""/m/06z37_""}"
frame_190.0.jpg,40379,"{}",6,2,"{""name"":""rect"",""x"":182,""y"":273,""width"":259,""height"":55}","{""class_name"":""/m/07j7r""}"
frame_190.0.jpg,40379,"{}",6,3,"{""name"":""rect"",""x"":306,""y"":301,""width"":53,""height"":34}","{""class_name"":""/m/06z37_""}"
frame_190.0.jpg,40379,"{}",6,4,"{""name"":""rect"",""x"":156,""y"":163,""width"":317,""height"":204}","{""class_name"":""/m/0d4v4""}"
frame_190.0.jpg,40379,"{}",6,5,"{""name"":""rect"",""x"":250,""y"":195,""width"":173,""height"":95}","{""class_name"":""/m/03jm5""}"
frame_200.0.jpg,30595,"{}",2,0,"{""name"":""rect"",""x"":25,""y"":164,""width"":386,""height"":198}","{""class_name"":""/m/03jm5""}"
frame_200.0.jpg,30595,"{}",2,1,"{""name"":""rect"",""x"":437,""y"":153,""width"":70,""height"":198}","{""class_name"":""/m/03jm5""}"
frame_210.0.jpg,30857,"{}",2,0,"{""name"":""rect"",""x"":11,""y"":155,""width"":437,""height"":204}","{""class_name"":""/m/03jm5""}"
frame_210.0.jpg,30857,"{}",2,1,"{""name"":""rect"",""x"":344,""y"":234,""width"":31,""height"":49}","{""class_name"":""/m/01g317""}"
frame_220.0.jpg,31936,"{}",3,0,"{""name"":""rect"",""x"":177,""y"":140,""width"":205,""height"":230}","{""class_name"":""/m/01g317""}"
frame_220.0.jpg,31936,"{}",3,1,"{""name"":""rect"",""x"":349,""y"":149,""width"":155,""height"":182}","{""class_name"":""/m/03jm5""}"
frame_220.0.jpg,31936,"{}",3,2,"{""name"":""rect"",""x"":0,""y"":243,""width"":86,""height"":114}","{""class_name"":""/m/03jm5""}"
frame_230.0.jpg,44571,"{}",3,0,"{""name"":""rect"",""x"":139,""y"":207,""width"":215,""height"":148}","{""class_name"":""/m/01g317""}"
frame_230.0.jpg,44571,"{}",3,1,"{""name"":""rect"",""x"":286,""y"":152,""width"":130,""height"":84}","{""class_name"":""/m/03jm5""}"
frame_230.0.jpg,44571,"{}",3,2,"{""name"":""rect"",""x"":26,""y"":217,""width"":413,""height"":137}","{""class_name"":""/m/03m3pdh""}"
frame_240.0.jpg,39995,"{}",4,0,"{""name"":""rect"",""x"":285,""y"":246,""width"":86,""height"":111}","{""class_name"":""/m/03jm5""}"
frame_240.0.jpg,39995,"{}",4,1,"{""name"":""rect"",""x"":224,""y"":247,""width"":211,""height"":110}","{""class_name"":""/m/03m3pdh""}"
frame_240.0.jpg,39995,"{}",4,2,"{""name"":""rect"",""x"":322,""y"":189,""width"":88,""height"":68}","{""class_name"":""/m/03jm5""}"
frame_240.0.jpg,39995,"{}",4,3,"{""name"":""rect"",""x"":196,""y"":162,""width"":217,""height"":130}","{""class_name"":""/m/0d4v4""}"
frame_250.0.jpg,24943,"{}",1,0,"{""name"":""rect"",""x"":279,""y"":209,""width"":148,""height"":151}","{""class_name"":""/m/03jm5""}"
frame_260.0.jpg,39027,"{}",4,0,"{""name"":""rect"",""x"":65,""y"":147,""width"":102,""height"":196}","{""class_name"":""/m/0gjbg72""}"
frame_260.0.jpg,39027,"{}",4,1,"{""name"":""rect"",""x"":393,""y"":159,""width"":95,""height"":123}","{""class_name"":""/m/03jm5""}"
frame_260.0.jpg,39027,"{}",4,2,"{""name"":""rect"",""x"":217,""y"":289,""width"":54,""height"":38}","{""class_name"":""/m/06z37_""}"
frame_260.0.jpg,39027,"{}",4,3,"{""name"":""rect"",""x"":355,""y"":273,""width"":153,""height"":92}","{""class_name"":""/m/03m3pdh""}"
frame_270.0.jpg,42307,"{}",5,0,"{""name"":""rect"",""x"":149,""y"":269,""width"":76,""height"":91}","{""class_name"":""/m/0dtln""}"
frame_270.0.jpg,42307,"{}",5,1,"{""name"":""rect"",""x"":373,""y"":233,""width"":135,""height"":130}","{""class_name"":""/m/03jm5""}"
frame_270.0.jpg,42307,"{}",5,2,"{""name"":""rect"",""x"":226,""y"":153,""width"":38,""height"":66}","{""class_name"":""/m/02s195""}"
frame_270.0.jpg,42307,"{}",5,3,"{""name"":""rect"",""x"":360,""y"":153,""width"":43,""height"":68}","{""class_name"":""/m/02s195""}"
frame_270.0.jpg,42307,"{}",5,4,"{""name"":""rect"",""x"":412,""y"":146,""width"":89,""height"":78}","{""class_name"":""/m/031b6r""}"
frame_280.0.jpg,37289,"{}",5,0,"{""name"":""rect"",""x"":354,""y"":183,""width"":88,""height"":60}","{""class_name"":""/m/06z37_""}"
frame_280.0.jpg,37289,"{}",5,1,"{""name"":""rect"",""x"":236,""y"":220,""width"":75,""height"":117}","{""class_name"":""/m/01g317""}"
frame_280.0.jpg,37289,"{}",5,2,"{""name"":""rect"",""x"":345,""y"":278,""width"":108,""height"":82}","{""class_name"":""/m/04169hn""}"
frame_280.0.jpg,37289,"{}",5,3,"{""name"":""rect"",""x"":6,""y"":163,""width"":110,""height"":199}","{""class_name"":""/m/0gjbg72""}"
frame_280.0.jpg,37289,"{}",5,4,"{""name"":""rect"",""x"":311,""y"":322,""width"":27,""height"":30}","{""class_name"":""/m/02s195""}"
frame_290.0.jpg,30549,"{}",3,0,"{""name"":""rect"",""x"":282,""y"":155,""width"":140,""height"":212}","{""class_name"":""/m/03jm5""}"
frame_290.0.jpg,30549,"{}",3,1,"{""name"":""rect"",""x"":382,""y"":278,""width"":128,""height"":81}","{""class_name"":""/m/03m3pdh""}"
frame_290.0.jpg,30549,"{}",3,2,"{""name"":""rect"",""x"":82,""y"":168,""width"":83,""height"":191}","{""class_name"":""/m/0dtln""}"
frame_300.0.jpg,43717,"{}",6,0,"{""name"":""rect"",""x"":243,""y"":194,""width"":71,""height"":169}","{""class_name"":""/m/01g317""}"
frame_300.0.jpg,43717,"{}",6,1,"{""name"":""rect"",""x"":38,""y"":278,""width"":227,""height"":82}","{""class_name"":""/m/03m3pdh""}"
frame_300.0.jpg,43717,"{}",6,2,"{""name"":""rect"",""x"":353,""y"":271,""width"":152,""height"":93}","{""class_name"":""/m/01mzpv""}"
frame_300.0.jpg,43717,"{}",6,3,"{""name"":""rect"",""x"":50,""y"":147,""width"":221,""height"":158}","{""class_name"":""/m/0d4v4""}"
frame_300.0.jpg,43717,"{}",6,4,"{""name"":""rect"",""x"":359,""y"":230,""width"":48,""height"":120}","{""class_name"":""/m/0dtln""}"
frame_300.0.jpg,43717,"{}",6,5,"{""name"":""rect"",""x"":33,""y"":149,""width"":62,""height"":207}","{""class_name"":""/m/031b6r""}"
frame_310.0.jpg,45404,"{}",6,0,"{""name"":""rect"",""x"":66,""y"":259,""width"":217,""height"":92}","{""class_name"":""/m/02wbm""}"
frame_310.0.jpg,45404,"{}",6,1,"{""name"":""rect"",""x"":339,""y"":148,""width"":173,""height"":215}","{""class_name"":""/m/031b6r""}"
frame_310.0.jpg,45404,"{}",6,2,"{""name"":""rect"",""x"":242,""y"":184,""width"":51,""height"":112}","{""class_name"":""/m/01g317""}"
frame_310.0.jpg,45404,"{}",6,3,"{""name"":""rect"",""x"":304,""y"":202,""width"":72,""height"":164}","{""class_name"":""/m/01g317""}"
frame_310.0.jpg,45404,"{}",6,4,"{""name"":""rect"",""x"":6,""y"":176,""width"":102,""height"":182}","{""class_name"":""/m/01g317""}"
frame_310.0.jpg,45404,"{}",6,5,"{""name"":""rect"",""x"":89,""y"":192,""width"":58,""height"":79}","{""class_name"":""/m/01g317""}"
frame_320.0.jpg,51710,"{}",8,0,"{""name"":""rect"",""x"":8,""y"":157,""width"":58,""height"":125}","{""class_name"":""/m/025nd ""}"
frame_320.0.jpg,51710,"{}",8,1,"{""name"":""rect"",""x"":10,""y"":234,""width"":70,""height"":130}","{""class_name"":""/m/01mzpv""}"
frame_320.0.jpg,51710,"{}",8,2,"{""name"":""rect"",""x"":154,""y"":251,""width"":232,""height"":91}","{""class_name"":""/m/02wbm""}"
frame_320.0.jpg,51710,"{}",8,3,"{""name"":""rect"",""x"":124,""y"":317,""width"":278,""height"":43}","{""class_name"":""/m/0h8n5zk""}"
frame_320.0.jpg,51710,"{}",8,4,"{""name"":""rect"",""x"":391,""y"":185,""width"":84,""height"":172}","{""class_name"":""/m/01g317""}"
frame_320.0.jpg,51710,"{}",8,5,"{""name"":""rect"",""x"":304,""y"":189,""width"":61,""height"":93}","{""class_name"":""/m/01g317""}"
frame_320.0.jpg,51710,"{}",8,6,"{""name"":""rect"",""x"":79,""y"":167,""width"":139,""height"":190}","{""class_name"":""/m/01g317""}"
frame_320.0.jpg,51710,"{}",8,7,"{""name"":""rect"",""x"":192,""y"":172,""width"":138,""height"":95}","{""class_name"":""/m/0d4v4""}"
frame_330.0.jpg,40235,"{}",8,0,"{""name"":""rect"",""x"":324,""y"":163,""width"":52,""height"":158}","{""class_name"":""/m/0dtln""}"
frame_330.0.jpg,40235,"{}",8,1,"{""name"":""rect"",""x"":65,""y"":149,""width"":100,""height"":210}","{""class_name"":""/m/01g317""}"
frame_330.0.jpg,40235,"{}",8,2,"{""name"":""rect"",""x"":182,""y"":199,""width"":49,""height"":122}","{""class_name"":""/m/01g317""}"
frame_330.0.jpg,40235,"{}",8,3,"{""name"":""rect"",""x"":6,""y"":235,""width"":66,""height"":109}","{""class_name"":""/m/01g317""}"
frame_330.0.jpg,40235,"{}",8,4,"{""name"":""rect"",""x"":2,""y"":177,""width"":52,""height"":73}","{""class_name"":""/m/031b6r""}"
frame_330.0.jpg,40235,"{}",8,5,"{""name"":""rect"",""x"":262,""y"":186,""width"":28,""height"":39}","{""class_name"":""/m/06z37_""}"
frame_330.0.jpg,40235,"{}",8,6,"{""name"":""rect"",""x"":222,""y"":261,""width"":30,""height"":37}","{""class_name"":""/m/02s195""}"
frame_330.0.jpg,40235,"{}",8,7,"{""name"":""rect"",""x"":255,""y"":252,""width"":41,""height"":57}","{""class_name"":""/m/04169hn""}"
frame_340.0.jpg,51861,"{}",11,0,"{""name"":""rect"",""x"":77,""y"":218,""width"":61,""height"":71}","{""class_name"":""/m/01g317""}"
frame_340.0.jpg,51861,"{}",11,1,"{""name"":""rect"",""x"":314,""y"":171,""width"":59,""height"":128}","{""class_name"":""/m/01g317""}"
frame_340.0.jpg,51861,"{}",11,2,"{""name"":""rect"",""x"":398,""y"":171,""width"":50,""height"":41}","{""class_name"":""/m/06z37_""}"
frame_340.0.jpg,51861,"{}",11,3,"{""name"":""rect"",""x"":173,""y"":190,""width"":106,""height"":130}","{""class_name"":""/m/0gjbg72""}"
frame_340.0.jpg,51861,"{}",11,4,"{""name"":""rect"",""x"":146,""y"":201,""width"":37,""height"":117}","{""class_name"":""/m/0dtln""}"
frame_340.0.jpg,51861,"{}",11,5,"{""name"":""rect"",""x"":388,""y"":241,""width"":71,""height"":71}","{""class_name"":""/m/04169hn""}"
frame_340.0.jpg,51861,"{}",11,6,"{""name"":""rect"",""x"":344,""y"":265,""width"":26,""height"":43}","{""class_name"":""/m/02s195""}"
frame_340.0.jpg,51861,"{}",11,7,"{""name"":""rect"",""x"":388,""y"":316,""width"":73,""height"":34}","{""class_name"":""/m/0bt_c3""}"
frame_340.0.jpg,51861,"{}",11,8,"{""name"":""rect"",""x"":50,""y"":160,""width"":44,""height"":86}","{""class_name"":""/m/031b6r""}"
frame_340.0.jpg,51861,"{}",11,9,"{""name"":""rect"",""x"":3,""y"":290,""width"":155,""height"":73}","{""class_name"":""/m/0h8n5zk""}"
frame_340.0.jpg,51861,"{}",11,10,"{""name"":""rect"",""x"":0,""y"":146,""width"":59,""height"":121}","{""class_name"":""/m/0d4v4""}"
frame_350.0.jpg,41537,"{}",8,0,"{""name"":""rect"",""x"":4,""y"":163,""width"":124,""height"":196}","{""class_name"":""/m/01g317""}"
frame_350.0.jpg,41537,"{}",8,1,"{""name"":""rect"",""x"":146,""y"":201,""width"":39,""height"":105}","{""class_name"":""/m/01g317""}"
frame_350.0.jpg,41537,"{}",8,2,"{""name"":""rect"",""x"":185,""y"":178,""width"":94,""height"":107}","{""class_name"":""/m/0gjbg72""}"
frame_350.0.jpg,41537,"{}",8,3,"{""name"":""rect"",""x"":306,""y"":171,""width"":19,""height"":90}","{""class_name"":""/m/01g317""}"
frame_350.0.jpg,41537,"{}",8,4,"{""name"":""rect"",""x"":315,""y"":232,""width"":30,""height"":38}","{""class_name"":""/m/02s195""}"
frame_350.0.jpg,41537,"{}",8,5,"{""name"":""rect"",""x"":359,""y"":170,""width"":30,""height"":29}","{""class_name"":""/m/03jm5""}"
frame_350.0.jpg,41537,"{}",8,6,"{""name"":""rect"",""x"":350,""y"":224,""width"":42,""height"":50}","{""class_name"":""/m/04169hn""}"
frame_350.0.jpg,41537,"{}",8,7,"{""name"":""rect"",""x"":455,""y"":160,""width"":44,""height"":148}","{""class_name"":""/m/0dtln""}"
frame_360.0.jpg,31322,"{}",4,0,"{""name"":""rect"",""x"":169,""y"":168,""width"":162,""height"":196}","{""class_name"":""/m/01g317""}"
frame_360.0.jpg,31322,"{}",4,1,"{""name"":""rect"",""x"":118,""y"":226,""width"":284,""height"":97}","{""class_name"":""/m/01mzpv""}"
frame_360.0.jpg,31322,"{}",4,2,"{""name"":""rect"",""x"":3,""y"":295,""width"":106,""height"":64}","{""class_name"":""/m/0fqfqc""}"
frame_360.0.jpg,31322,"{}",4,3,"{""name"":""rect"",""x"":443,""y"":289,""width"":68,""height"":69}","{""class_name"":""/m/07c52 ""}"
frame_370.0.jpg,40054,"{}",5,0,"{""name"":""rect"",""x"":166,""y"":259,""width"":125,""height"":97}","{""class_name"":""/m/0138tl""}"
frame_370.0.jpg,40054,"{}",5,1,"{""name"":""rect"",""x"":358,""y"":212,""width"":144,""height"":148}","{""class_name"":""/m/01g317""}"
frame_370.0.jpg,40054,"{}",5,2,"{""name"":""rect"",""x"":201,""y"":191,""width"":94,""height"":86}","{""class_name"":""/m/01g317""}"
frame_370.0.jpg,40054,"{}",5,3,"{""name"":""rect"",""x"":41,""y"":170,""width"":122,""height"":188}","{""class_name"":""/m/01g317""}"
frame_370.0.jpg,40054,"{}",5,4,"{""name"":""rect"",""x"":165,""y"":229,""width"":150,""height"":61}","{""class_name"":""/m/01mzpv""}"
frame_380.0.jpg,40725,"{}",7,0,"{""name"":""rect"",""x"":177,""y"":204,""width"":38,""height"":156}","{""class_name"":""/m/01g317""}"
frame_380.0.jpg,40725,"{}",7,1,"{""name"":""rect"",""x"":321,""y"":198,""width"":49,""height"":46}","{""class_name"":""/m/06z37_""}"
frame_380.0.jpg,40725,"{}",7,2,"{""name"":""rect"",""x"":314,""y"":278,""width"":72,""height"":81}","{""class_name"":""/m/04169hn""}"
frame_380.0.jpg,40725,"{}",7,3,"{""name"":""rect"",""x"":89,""y"":217,""width"":103,""height"":143}","{""class_name"":""/m/0gjbg72""}"
frame_380.0.jpg,40725,"{}",7,4,"{""name"":""rect"",""x"":138,""y"":191,""width"":31,""height"":36}","{""class_name"":""/m/02s195""}"
frame_380.0.jpg,40725,"{}",7,5,"{""name"":""rect"",""x"":41,""y"":249,""width"":53,""height"":117}","{""class_name"":""/m/0dtln""}"
frame_380.0.jpg,40725,"{}",7,6,"{""name"":""rect"",""x"":5,""y"":303,""width"":33,""height"":56}","{""class_name"":""/m/0h8n5zk""}"
frame_390.0.jpg,41038,"{}",3,0,"{""name"":""rect"",""x"":187,""y"":210,""width"":175,""height"":122}","{""class_name"":""/m/04169hn""}"
frame_390.0.jpg,41038,"{}",3,1,"{""name"":""rect"",""x"":4,""y"":180,""width"":202,""height"":177}","{""class_name"":""/m/01g317""}"
frame_390.0.jpg,41038,"{}",3,2,"{""name"":""rect"",""x"":63,""y"":184,""width"":44,""height"":58}","{""class_name"":""/m/03_wxk""}"
frame_400.0.jpg,56186,"{}",6,0,"{""name"":""rect"",""x"":3,""y"":155,""width"":294,""height"":201}","{""class_name"":""/m/0d4v4""}"
frame_400.0.jpg,56186,"{}",6,1,"{""name"":""rect"",""x"":232,""y"":191,""width"":75,""height"":148}","{""class_name"":""/m/031b6r""}"
frame_400.0.jpg,56186,"{}",6,2,"{""name"":""rect"",""x"":324,""y"":173,""width"":79,""height"":192}","{""class_name"":""/m/01g317""}"
frame_400.0.jpg,56186,"{}",6,3,"{""name"":""rect"",""x"":406,""y"":228,""width"":104,""height"":136}","{""class_name"":""/m/0gjbg72""}"
frame_400.0.jpg,56186,"{}",6,4,"{""name"":""rect"",""x"":479,""y"":180,""width"":32,""height"":47}","{""class_name"":""/m/02s195""}"
frame_400.0.jpg,56186,"{}",6,5,"{""name"":""rect"",""x"":125,""y"":216,""width"":75,""height"":51}","{""class_name"":""/m/03jm5""}"
frame_410.0.jpg,51748,"{}",7,0,"{""name"":""rect"",""x"":456,""y"":172,""width"":36,""height"":29}","{""class_name"":""/m/02s195""}"
frame_410.0.jpg,51748,"{}",7,1,"{""name"":""rect"",""x"":165,""y"":159,""width"":83,""height"":176}","{""class_name"":""/m/031b6r""}"
frame_410.0.jpg,51748,"{}",7,2,"{""name"":""rect"",""x"":312,""y"":249,""width"":50,""height"":109}","{""class_name"":""/m/0dtln""}"
frame_410.0.jpg,51748,"{}",7,3,"{""name"":""rect"",""x"":11,""y"":326,""width"":286,""height"":43}","{""class_name"":""/m/0h8n5zk""}"
frame_410.0.jpg,51748,"{}",7,4,"{""name"":""rect"",""x"":1,""y"":156,""width"":87,""height"":116}","{""class_name"":""/m/03jm5""}"
frame_410.0.jpg,51748,"{}",7,5,"{""name"":""rect"",""x"":352,""y"":199,""width"":157,""height"":166}","{""class_name"":""/m/0gjbg72""}"
frame_410.0.jpg,51748,"{}",7,6,"{""name"":""rect"",""x"":0,""y"":148,""width"":257,""height"":219}","{""class_name"":""/m/0d4v4""}"
frame_420.0.jpg,25316,"{}",2,0,"{""name"":""rect"",""x"":269,""y"":187,""width"":85,""height"":175}","{""class_name"":""/m/0dtln""}"
frame_420.0.jpg,25316,"{}",2,1,"{""name"":""rect"",""x"":65,""y"":305,""width"":79,""height"":59}","{""class_name"":""/m/04169hn""}"
frame_430.0.jpg,47151,"{}",7,0,"{""name"":""rect"",""x"":276,""y"":206,""width"":47,""height"":76}","{""class_name"":""/m/01g317""}"
frame_430.0.jpg,47151,"{}",7,1,"{""name"":""rect"",""x"":127,""y"":291,""width"":91,""height"":68}","{""class_name"":""/m/03fp41""}"
frame_430.0.jpg,47151,"{}",7,2,"{""name"":""rect"",""x"":98,""y"":165,""width"":108,""height"":136}","{""class_name"":""/m/0d4v4""}"
frame_430.0.jpg,47151,"{}",7,3,"{""name"":""rect"",""x"":256,""y"":186,""width"":119,""height"":120}","{""class_name"":""/m/0d4v4""}"
frame_430.0.jpg,47151,"{}",7,4,"{""name"":""rect"",""x"":363,""y"":140,""width"":45,""height"":224}","{""class_name"":""/m/031b6r""}"
frame_430.0.jpg,47151,"{}",7,5,"{""name"":""rect"",""x"":432,""y"":287,""width"":41,""height"":66}","{""class_name"":""/m/0dtln""}"
frame_430.0.jpg,47151,"{}",7,6,"{""name"":""rect"",""x"":183,""y"":281,""width"":159,""height"":76}","{""class_name"":""/m/0h8n5zk""}"
frame_440.0.jpg,49872,"{}",10,0,"{""name"":""rect"",""x"":74,""y"":228,""width"":91,""height"":139}","{""class_name"":""/m/01g317""}"
frame_440.0.jpg,49872,"{}",10,1,"{""name"":""rect"",""x"":397,""y"":275,""width"":38,""height"":74}","{""class_name"":""/m/0dtln""}"
frame_440.0.jpg,49872,"{}",10,2,"{""name"":""rect"",""x"":120,""y"":272,""width"":174,""height"":91}","{""class_name"":""/m/0h8n5zk""}"
frame_440.0.jpg,49872,"{}",10,3,"{""name"":""rect"",""x"":232,""y"":242,""width"":54,""height"":80}","{""class_name"":""/m/01mzpv""}"
frame_440.0.jpg,49872,"{}",10,4,"{""name"":""rect"",""x"":189,""y"":235,""width"":49,""height"":70}","{""class_name"":""/m/01mzpv""}"
frame_440.0.jpg,49872,"{}",10,5,"{""name"":""rect"",""x"":147,""y"":171,""width"":45,""height"":132}","{""class_name"":""/m/0gjbg72""}"
frame_440.0.jpg,49872,"{}",10,6,"{""name"":""rect"",""x"":322,""y"":148,""width"":46,""height"":217}","{""class_name"":""/m/031b6r""}"
frame_440.0.jpg,49872,"{}",10,7,"{""name"":""rect"",""x"":199,""y"":166,""width"":178,""height"":143}","{""class_name"":""/m/0d4v4""}"
frame_440.0.jpg,49872,"{}",10,8,"{""name"":""rect"",""x"":6,""y"":151,""width"":134,""height"":172}","{""class_name"":""/m/0d4v4""}"
frame_440.0.jpg,49872,"{}",10,9,"{""name"":""rect"",""x"":448,""y"":280,""width"":61,""height"":80}","{""class_name"":""/m/03m3pdh""}"
frame_450.0.jpg,50779,"{}",8,0,"{""name"":""rect"",""x"":176,""y"":196,""width"":123,""height"":165}","{""class_name"":""/m/01g317""}"
frame_450.0.jpg,50779,"{}",8,1,"{""name"":""rect"",""x"":344,""y"":193,""width"":158,""height"":170}","{""class_name"":""/m/01g317""}"
frame_450.0.jpg,50779,"{}",8,2,"{""name"":""rect"",""x"":2,""y"":150,""width"":144,""height"":93}","{""class_name"":""/m/03fp41""}"
frame_450.0.jpg,50779,"{}",8,3,"{""name"":""rect"",""x"":4,""y"":259,""width"":165,""height"":98}","{""class_name"":""/m/07c52 ""}"
frame_450.0.jpg,50779,"{}",8,4,"{""name"":""rect"",""x"":246,""y"":146,""width"":99,""height"":183}","{""class_name"":""/m/0d4v4""}"
frame_450.0.jpg,50779,"{}",8,5,"{""name"":""rect"",""x"":383,""y"":149,""width"":125,""height"":93}","{""class_name"":""/m/0d4v4""}"
frame_450.0.jpg,50779,"{}",8,6,"{""name"":""rect"",""x"":252,""y"":248,""width"":160,""height"":76}","{""class_name"":""/m/0h8n5zk""}"
frame_450.0.jpg,50779,"{}",8,7,"{""name"":""rect"",""x"":178,""y"":242,""width"":64,""height"":118}","{""class_name"":""/m/01mzpv""}"
frame_460.0.jpg,50212,"{}",8,0,"{""name"":""rect"",""x"":347,""y"":303,""width"":162,""height"":53}","{""class_name"":""/m/0h8n5zk""}"
frame_460.0.jpg,50212,"{}",8,1,"{""name"":""rect"",""x"":169,""y"":251,""width"":151,""height"":103}","{""class_name"":""/m/0h8n5zk""}"
frame_460.0.jpg,50212,"{}",8,2,"{""name"":""rect"",""x"":257,""y"":171,""width"":114,""height"":121}","{""class_name"":""/m/0d4v4""}"
frame_460.0.jpg,50212,"{}",8,3,"{""name"":""rect"",""x"":368,""y"":150,""width"":47,""height"":157}","{""class_name"":""/m/031b6r""}"
frame_460.0.jpg,50212,"{}",8,4,"{""name"":""rect"",""x"":428,""y"":262,""width"":36,""height"":74}","{""class_name"":""/m/0dtln""}"
frame_460.0.jpg,50212,"{}",8,5,"{""name"":""rect"",""x"":2,""y"":186,""width"":95,""height"":173}","{""class_name"":""/m/03fp41""}"
frame_460.0.jpg,50212,"{}",8,6,"{""name"":""rect"",""x"":105,""y"":156,""width"":81,""height"":206}","{""class_name"":""/m/01g317""}"
frame_460.0.jpg,50212,"{}",8,7,"{""name"":""rect"",""x"":219,""y"":188,""width"":57,""height"":98}","{""class_name"":""/m/0gjbg72""}"
frame_470.0.jpg,45162,"{}",9,0,"{""name"":""rect"",""x"":135,""y"":151,""width"":132,""height"":204}","{""class_name"":""/m/01g317""}"
frame_470.0.jpg,45162,"{}",9,1,"{""name"":""rect"",""x"":263,""y"":156,""width"":80,""height"":201}","{""class_name"":""/m/01g317""}"
frame_470.0.jpg,45162,"{}",9,2,"{""name"":""rect"",""x"":356,""y"":165,""width"":74,""height"":124}","{""class_name"":""/m/031b6r""}"
frame_470.0.jpg,45162,"{}",9,3,"{""name"":""rect"",""x"":336,""y"":278,""width"":171,""height"":79}","{""class_name"":""/m/03m3pdh""}"
frame_470.0.jpg,45162,"{}",9,4,"{""name"":""rect"",""x"":433,""y"":222,""width"":74,""height"":66}","{""class_name"":""/m/03jm5""}"
frame_470.0.jpg,45162,"{}",9,5,"{""name"":""rect"",""x"":377,""y"":188,""width"":133,""height"":100}","{""class_name"":""/m/0d4v4""}"
frame_470.0.jpg,45162,"{}",9,6,"{""name"":""rect"",""x"":55,""y"":204,""width"":105,""height"":106}","{""class_name"":""/m/0d4v4""}"
frame_470.0.jpg,45162,"{}",9,7,"{""name"":""rect"",""x"":48,""y"":247,""width"":46,""height"":35}","{""class_name"":""/m/03fp41""}"
frame_470.0.jpg,45162,"{}",9,8,"{""name"":""rect"",""x"":10,""y"":280,""width"":100,""height"":80}","{""class_name"":""/m/07c52 ""}"
frame_480.0.jpg,50105,"{}",10,0,"{""name"":""rect"",""x"":236,""y"":174,""width"":81,""height"":191}","{""class_name"":""/m/01g317""}"
frame_480.0.jpg,50105,"{}",10,1,"{""name"":""rect"",""x"":69,""y"":289,""width"":148,""height"":72}","{""class_name"":""/m/0h8n5zk""}"
frame_480.0.jpg,50105,"{}",10,2,"{""name"":""rect"",""x"":131,""y"":236,""width"":50,""height"":83}","{""class_name"":""/m/0gjbg72""}"
frame_480.0.jpg,50105,"{}",10,3,"{""name"":""rect"",""x"":324,""y"":277,""width"":174,""height"":83}","{""class_name"":""/m/03m3pdh""}"
frame_480.0.jpg,50105,"{}",10,4,"{""name"":""rect"",""x"":340,""y"":174,""width"":63,""height"":131}","{""class_name"":""/m/031b6r""}"
frame_480.0.jpg,50105,"{}",10,5,"{""name"":""rect"",""x"":422,""y"":213,""width"":89,""height"":98}","{""class_name"":""/m/03jm5""}"
frame_480.0.jpg,50105,"{}",10,6,"{""name"":""rect"",""x"":31,""y"":202,""width"":103,""height"":111}","{""class_name"":""/m/0d4v4""}"
frame_480.0.jpg,50105,"{}",10,7,"{""name"":""rect"",""x"":10,""y"":257,""width"":77,""height"":52}","{""class_name"":""/m/03fp41""}"
frame_480.0.jpg,50105,"{}",10,8,"{""name"":""rect"",""x"":6,""y"":281,""width"":75,""height"":80}","{""class_name"":""/m/07c52 ""}"
frame_480.0.jpg,50105,"{}",10,9,"{""name"":""rect"",""x"":170,""y"":212,""width"":120,""height"":93}","{""class_name"":""/m/0d4v4""}"
frame_490.0.jpg,59592,"{}",6,0,"{""name"":""rect"",""x"":272,""y"":165,""width"":210,""height"":116}","{""class_name"":""/m/03jm5""}"
frame_490.0.jpg,59592,"{}",6,1,"{""name"":""rect"",""x"":100,""y"":183,""width"":154,""height"":175}","{""class_name"":""/m/07j7r""}"
frame_490.0.jpg,59592,"{}",6,2,"{""name"":""rect"",""x"":110,""y"":293,""width"":392,""height"":76}","{""class_name"":""/m/07j7r""}"
frame_490.0.jpg,59592,"{}",6,3,"{""name"":""rect"",""x"":6,""y"":148,""width"":124,""height"":218}","{""class_name"":""/m/031b6r""}"
frame_490.0.jpg,59592,"{}",6,4,"{""name"":""rect"",""x"":284,""y"":259,""width"":203,""height"":40}","{""class_name"":""/m/0k4j""}"
frame_490.0.jpg,59592,"{}",6,5,"{""name"":""rect"",""x"":382,""y"":267,""width"":21,""height"":23}","{""class_name"":""/m/01g317""}"
frame_500.0.jpg,72102,"{}",5,0,"{""name"":""rect"",""x"":0,""y"":163,""width"":189,""height"":137}","{""class_name"":""/m/07j7r""}"
frame_500.0.jpg,72102,"{}",5,1,"{""name"":""rect"",""x"":239,""y"":262,""width"":263,""height"":61}","{""class_name"":""/m/0k4j""}"
frame_500.0.jpg,72102,"{}",5,2,"{""name"":""rect"",""x"":217,""y"":157,""width"":292,""height"":154}","{""class_name"":""/m/03jm5""}"
frame_500.0.jpg,72102,"{}",5,3,"{""name"":""rect"",""x"":0,""y"":291,""width"":510,""height"":69}","{""class_name"":""/m/07j7r""}"
frame_500.0.jpg,72102,"{}",5,4,"{""name"":""rect"",""x"":337,""y"":271,""width"":24,""height"":24}","{""class_name"":""/m/01g317""}"